violation_status,n,state,source_name,year,month
HEARING HELD-GUILTY,95398,New York,NYC Open Parking and Camera Violations,2025,6
HEARING HELD-GUILTY REDUCTION,67797,New York,NYC Open Parking and Camera Violations,2025,6
HEARING HELD-NOT GUILTY,35940,New York,NYC Open Parking and Camera Violations,2025,6
HEARING ADJOURNMENT,3922,New York,NYC Open Parking and Camera Violations,2025,6
APPEAL AFFIRMED,3310,New York,NYC Open Parking and Camera Violations,2025,6
HEARING PENDING,528,New York,NYC Open Parking and Camera Violations,2025,6
APPEAL REVERSED,490,New York,NYC Open Parking and Camera Violations,2025,6
APPEAL ABANDONED,175,New York,NYC Open Parking and Camera Violations,2025,6
HEARING HELD-REINSTATEMENT,11,New York,NYC Open Parking and Camera Violations,2025,6
